{
    "providers": [
      {
         "file":"custom_ui:tags/tier_tags/common.png",
         "chars":[
            ":common:"
         ],
         "height":7,
         "ascent":7,
         "type":"bitmap"
      },
      {
         "file":"custom_ui:tags/tier_tags/uncommon.png",
         "chars":[
            ":uncommon:"
         ],
         "height":7,
         "ascent":7,
         "type":"bitmap"
      },
      {
         "file":"custom_ui:tags/tier_tags/rare.png",
         "chars":[
            ":rare:"
         ],
         "height":7,
         "ascent":7,
         "type":"bitmap"
      },
      {
         "file":"custom_ui:tags/tier_tags/epic.png",
         "chars":[
            ":epic:"
         ],
         "height":7,
         "ascent":7,
         "type":"bitmap"
      },
      {
         "file":"custom_ui:tags/tier_tags/legendary.png",
         "chars":[
            ":legendary:"
         ],
         "height":7,
         "ascent":7,
         "type":"bitmap"
      },
      {
         "file":"custom_ui:tags/tier_tags/mythical.png",
         "chars":[
            ":mythical:"
         ],
         "height":7,
         "ascent":7,
         "type":"bitmap"
      }
   ]
}
